NameSet,GivenName,Surname
French,Virginie,Labelle
French,Gilles,Hervé
French,Aubin,Rochon
French,Nicolette,Houle
French,Granville,Deschênes
French,Sylvie,LeBatelier
French,Rule,Bler
French,Ray,Beauchesne
French,Gaspar,Hachée
French,André,Dupont
French,Jolie,Lemelin
French,Searlait,Saurel
French,Adorlee,Turcotte
French,Daisi,Salmons
French,Cloridan,Vernadeau
French,Eloise,Rivière
French,Éléonore,Cousteau
French,Roch,Ouellet
French,Marie,Fortier
French,Algernon,Lizotte
French,Victorine,Bourassa
French,Florismart,Alexandre
French,Aubrey,Thibault
French,Laverne,Lafrenière
French,Bevis,Tisserand
French,Donatien,Ducharme
French,René,Étoile
French,Yolette,Frappier
French,Anastasie,Pirouet
French,Campbell,René
French,Annot,Labrosse
French,Émilie,Caya
French,Bertrand,Grivois
French,Nathalie,Compagnon
French,Cheney,"Des Meaux"
French,Laurene,Beaudry
French,Marcelle,Bédard
French,Ferragus,Avare
French,Tyson,Bouchard
French,Chappell,Laforge
French,Frédéric,Goguen
French,Oriel,Garceau
French,Karel,Angélil
French,Guillaume,Busque
French,Agathe,Cloutier
French,Dexter,Houle
French,Fayette,Lacasse
French,Lucas,Belisle
French,Estelle,Lepage
French,Ogier,Mailloux
French,Victoire,Corbin
French,Nanna,L'Anglais
French,Adélaïde,Bonami
French,Vincent,Ratté
French,William,Thivierge
French,Sydney,Bériault
French,Paulette,Lépicier
French,Joanna,Bélanger
French,Talon,Babin
French,Fifi,Sorel
French,Bellamy,Senneville
French,Eugène,Chicoine
French,Eliot,Mercier
French,Catherine,Béland
French,Odelette,Faure
French,Caroline,Crête
French,Verney,Lacharité
French,Vincent,Chaussée
French,Philippe,Miron
French,Campbell,Gaudreau
French,Carolos,Dubé
French,Lyle,Parrot
French,Laurette,Bussière
French,Aceline,Lajoie
French,Fleurette,Dagenais
French,Laurette,Guédry
French,Peppin,Beauchamps
French,Jewel,Bourgeois
French,Franck,Cuillerier
French,Roch,Bonsaint
French,Charmaine,Durand
French,Landers,Faure
French,Brice,Chevrette
French,Ancelina,Quinn
French,Marthe,Guay
French,Adélaïde,Audet
French,Stéphanie,Létourneau
French,Victor,Tachel
French,Gallia,Boivin
French,Marveille,Dubé
French,Chapin,Allard
French,Granville,Hervieux
French,Vallis,Henrichon
French,Diane,Tétrault
French,Merci,Barteaux
French,William,Marcheterre
French,Prewitt,Mercure
French,Véronique,Leclerc
French,Pomeroy,Begin
French,Claudette,Jacques
French,Allyriane,Hétu
French,Odo,Chandonnet
French,Senior,Bérubé
French,Marveille,Melanson
French,Demi,Ruais
French,Fiacre,Paquette
French,Leala,Jomphe
French,Sargent,Brunault
French,Fifi,Marier
French,Archaimbau,Cuillerier
French,Methena,Desilets
French,Paige,Martin
French,Jeannine,Moreau
French,Armand,Denis
French,Stéphanie,Brodeur
French,Timothée,Grandbois
French,Melville,DuLin
French,Adélaïde,Lejeune
French,Luc,Miron
French,Daniel,Simon
French,Annot,Cousteau
French,Alphonse,Dagenais
French,Arridano,Michel
French,Audric,David
French,Arnaud,Tachel
French,Vaden,Bernier
French,William,Guibord
French,Natalie,Gagné
French,Cécile,Dupéré
French,Oriel,Daigle
French,Germaine,Marcheterre
French,Jeanne,Demers
French,Gustave,Massé
French,Paul,Legault
French,Olympia,Jacques
French,Amitee,Gadbois
French,Philip,Descoteaux
French,Peverell,Leclair
French,Fabienne,Saindon
French,Auda,Mailly
French,Victoire,Laprise
French,Arber,Devost
French,Gaetane,Duplanty
French,Pascal,Berie
French,Harriette,Couturier
French,Ogier,Dubois
French,Joanna,Lefèbvre
French,Dexter,Lang
French,Xavier,Bériault
French,Dominique,Gauvin
French,Bayard,Beaudry
French,Claudette,Denis
French,Ranger,Gendron
French,Russell,Houle
French,Georges,Cantin
French,Charlotte,D'Aoust
French,Saber,Allain
French,Étienne,Bolduc
French,Vincent,Bois
French,Vedette,Racine
French,Berangaria,Chartier
French,Bevis,Patel
French,Bernadette,Paimboeuf
French,Yvon,Desilets
French,Burrell,Lussier
French,Gay,Dufour
French,Hardouin,Duval
French,Bruce,Aubin
French,Charlot,Huard
French,Vaden,Masson
French,Robinette,Riquier
French,Brice,Bossé
French,Garland,Gaillard
French,Geoffrey,Labrosse
French,Telford,Houde
French,Gemma,Babin
French,Fanette,Pelletier
French,Amber,Poulin
French,Scoville,Pinette
French,Harriette,Royer
French,Pierre,Belisle
French,Agathe,Ouellet
French,Barry,Labrecque
French,Elita,Sanschagrin
French,Bevis,Frappier
French,Aimée,"De La Vergne"
French,Tearlach,Blanchard
French,Telford,Mailloux
French,Mirabelle,Course
French,Eustache,Bourget
French,Jeanette,Savard
French,Amabella,Lavoie
French,Octave,Josseaume
French,Geoffrey,Fongemie
French,Antoine,Poisson
French,Denis,Chesnay
French,Durandana,Chesnay
French,Diane,Beaulé
French,Aimé,Morel
French,Catherine,Daigle
French,Cher,Deslauriers
French,Saber,Lapresse
French,Vernon,Couture
French,Archaimbau,Morneau
French,Joanna,Lereau
French,Saville,Lacharité
French,Merle,Landry
French,Fayette,Lamarre
French,Soren,Racicot
French,Germaine,Bellemare
French,Fantina,Grenier
French,Philippe,Bouvier
French,Claire,Bernard
French,Aubrey,Mailloux
French,Nicolette,Hughes
French,Marshall,Pitre
French,Delmar,Bonenfant
French,Juliette,Dostie
French,Joséphine,Pichette
French,Brice,Cousteau
French,Oliver,Labbé
French,Donatien,Masson
French,Iva,Loiseau
French,Louise,Lafond
French,Roger,Moïse
French,Patrice,Avare
French,Anastasie,Thibault
French,Neville,Guilmette
French,Gaston,Boileau
French,Jesper,Casgrain
French,Jacquenett,Laprise
French,Delmare,Blanchard
French,Bradamate,Beaujolie
French,Frédérique,Mireault
French,Fortun,Bellefeuille
French,Stéphanie,Labbé
French,Burnell,Gosselin
French,Catherine,Bourgouin
French,Maureen,Louis
French,Paien,Houde
French,Lirienne,Despins
French,Aubert,Bourdette
French,"La Roux",Therriault
French,Pauline,Chauvet
French,Georges,Saindon
French,Christophe,René
French,Pierpont,Brault
French,Morgana,Boisvert
French,Franck,Gousse
French,Malagigi,Larivière
French,Olivier,Lafrenière
French,Ogier,Rouleau
French,Yolette,Dupuis
French,Agrican,Cliche
French,Stéphanie,Desnoyers
French,Avenall,Beauchemin
French,Kerman,Bonneville
French,Amber,Masson
French,Arnaud,Majory
French,Xavier,Louis
French,Byron,Langelier
French,Magnolia,Paquette
French,Susanne,Langlois
French,Avril,Bourassa
French,Patricia,Cartier
French,Wyatt,Martineau
French,Mignonette,Faucher
French,Ruby,Courtois
French,Claude,Cliche
French,Tearlach,Goguen
French,Ganelon,Artois
French,Saville,Cuillerier
French,Gifford,Paré
French,Searlait,Baril
French,Arianne,Chandonnet
French,Isabelle,Lemelin
French,Geneviève,Bourgeois
French,Harcourt,Desroches
French,Cendrillon,D'Aoust
French,Scoville,Berger
French,Allyriane,Givry
French,Falerina,"De La Ronde"
French,Adèle,Dupont
French,Vernon,Quessy
French,Adrienne,LaGarde
French,Matthieu,Savoie
French,Lance,Chandonnet
French,Parfait,Leclair
French,Xavierre,Sacré
French,Hamilton,Lécuyer
French,Octave,Viens
French,Vachel,Metivier
French,Gauthier,Rouleau
French,Carole,Marchesseault
French,Alice,Goudreau
French,Aubrey,Lafond
French,Didiane,Bourget
French,Théodore,Beaudoin
French,Octave,Duffet
French,Marguerite,Forest
French,Wyatt,Guilmette
French,Ignace,Morel
French,Adrien,Saucier
French,Valérie,Lépicier
French,Quennel,Douffet
French,Adrien,Berie
French,Bruno,Drouin
French,Audric,Charpie
French,Leverett,CinqMars
French,Odette,Bussière
French,Huon,Sevier
French,Valiant,Senneville
French,Bartlett,DuLin
French,Pierre,Clavet
French,Channing,Lang
French,Rabican,Fortin
French,Oliver,Raymond
French,Orville,Coulombe
French,Raison,Plaisance
French,Arno,L'Angelier
French,Vaden,Lalonde
French,Raymond,Charette
French,Frontino,Marcheterre
French,Bruce,Austin
French,Auriville,Giguère
French,Lucille,Parrot
French,Françoise,Bazin
French,Barry,Franchet
French,Madelene,Therriault
French,Ganelon,Salmons
French,Annot,Barjavel
French,Brunella,Turcotte
French,Campbell,Perillard
French,Vivienne,Quinn
French,Ferragus,Piedalue
French,Karlotta,Lacasse
French,Harbin,Chesnay
French,Clarimunda,Patry
French,Avenall,DeGrasse
French,Odo,Lefèbvre
French,Mathilde,Tougas
French,Victoire,Rocher
French,Aubrey,Courtois
French,Hedvige,Dostie
French,Octave,Langelier
French,Thiery,Beauchamps
French,Carine,"De La Ronde"
French,Harcourt,Cotuand
French,Louis,Desjardins
French,Christiane,Angélil
French,Langley,Jetté
French,Tanguy,Archambault
French,Amber,Parrot
French,Émilie,Austin
French,Kari,Simon
French,Musette,Durand
French,Didier,Lauzier
French,Vivienne,Roux
French,Russell,Ailleboust
French,Martine,Lajoie
French,Henriette,Grondin
French,Galatee,Morneau
French,Stéphane,Clément
French,Searlait,Berger
French,Frédérique,Audibert
French,Zdenek,Morneau
French,Christophe,Sicard
French,Agate,Champagne
French,Christian,Sansouci
French,Alexandrin,Mercier
French,Benoît,Gaillou
French,Blondelle,Lefèbvre
French,Claude,Lauzier
French,Desire,Côté
French,Astrid,Dupuy
French,Laurence,Leblanc
French,Valérie,Bourget
French,Azura,Montminy
French,Jay,Joly
French,Durandana,Labonté
French,Angelique,Chesnay
French,Maslin,Villeneuve
French,Chandler,Artois
French,William,Thivierge
French,Desire,Fouquet
French,Madelene,Chenard
French,Royden,Tardif
French,Mirabelle,Lajoie
French,Fauna,Sciverit
French,Daisi,Royer
French,Honore,Pouchard
French,Martine,Ouellet
French,Gaspar,Souplet
French,Bartlett,Jolicoeur
French,Charmaine,Achin
French,Arthur,Norbert
French,Benoît,Panetier
French,Marlon,Beaudouin
French,Tearlach,Leroux
French,Dominique,Michaud
French,Pansy,Plouffe
French,Luce,Tétrault
French,Angelique,Langelier
French,Tyson,Givry
French,Angelette,Jomphe
French,Lance,Sciverit
French,Philip,Truchon
French,Victorine,Landry
French,Sibyla,Jacques
French,Aubrey,Rodrigue
French,Leverett,Poirier
French,Jeanette,Gadbois
French,Garland,Huppé
French,Sidney,Simard
French,Creissant,Brunault
French,Bayard,Levasseur
French,Gifford,Laramée
French,Thérèse,Fugère
French,Émilie,Édouard
French,Marlon,Sarrazin
French,Ferrau,Laframboise
French,Suzette,Saucier
French,Demi,Veilleux
French,Maureen,Legault
French,Yvon,Austin
French,Anne,Dandonneau
French,Brice,Parizeau
French,Laetitia,Patenaude
French,Olympia,Simard
French,Timothée,Sicard
French,Corinne,Chauvet
French,Élise,Leclerc
French,Seymour,D'Aubigné
French,Desire,Norbert
French,André,Martin
French,Éric,Rocher
French,Julienne,Moïse
French,Arnaud,Lafontaine
French,Onfroi,Morneau
French,Madelene,Charron
French,Benjamin,Laderoute
French,Denise,Gaudreau
French,Faustin,David
French,Fauna,Daviau
French,David,Saurel
French,Forrest,Fortier
French,Lyle,"Du Trieux"
French,Fayme,Fecteau
French,Delmare,Louineaux
French,Aubrey,Belisle
French,Ruby,Laderoute
French,Angelette,Plouffe
French,Laurent,Marois
French,Christiane,Tétrault
French,Henriette,Berthiaume
French,Odo,Bisaillon
French,Maurelle,Monty
French,Sidney,Lizotte
French,Yves,Metivier
French,Cendrillon,Roussel
French,Ogier,Baril
French,Dreux,Riel
French,Harcourt,Chatigny
French,Denis,Abril
French,Ferrau,Richard
French,Édith,Rocher
French,Royce,Adler
French,Clovis,Laprise
French,Alita,Méthot
French,Norris,Carignan
French,Andrée,Lemieux
French,Fitz,Legault
French,Sargent,Dufresne
French,Cheney,Fournier
French,Marshall,Fresne
French,Burrell,Jobin
French,Stéphane,Couturier
French,Minette,Simon
French,Logistilla,Gagnon
French,Ancelote,Villeneuve
French,Fletcher,Lejeune
French,André,Archambault
French,Aurélie,Lebel
French,Odette,Labonté
French,Susanne,Lebrun
French,Medoro,Édouard
French,Mignonette,Aucoin
French,Zacharie,Fecteau
French,Noelle,Caisse
French,Emmanuel,Lazure
French,Zacharie,Mailloux
French,Robert,Jolicoeur
French,Heloise,Marcheterre
French,Grosvenor,Marcil
French,Campbell,Léveillé
French,Albracca,Potvin
French,Azura,Cantin
French,Henriette,Pinette
French,Ganelon,Chartré
French,Ernest,Beausoleil
French,Slainie,Chartier
French,Latimer,Mercure
French,Inès,Durand
French,Gemma,DuLin
French,Mirabelle,Charlesbois
French,Laurene,Blanchard
French,Faustin,Boucher
French,Prewitt,Meunier
French,Adrien,Carrière
French,Peppin,Faubert
French,Aimée,Allaire
French,Jean,Bourdette
French,Granville,Pinette
French,Zdenek,Brodeur
French,Pierpont,Arnoux
French,Fantina,Descoteaux
French,Christophe,Jardine
French,Nicholas,Sanschagrin
French,Prunella,Caouette
French,Arthur,Authier
French,Didiane,Cyr
French,Vincent,Fréchette
French,Robinette,Guédry
French,Melusina,Robillard
French,Satordi,Beaudoin
French,Artus,Leduc
French,Didiane,Gamelin
French,Olivie,Couturier
French,Javier,Course
French,Brigliador,Gaillou
French,Perrin,Josseaume
French,Searlas,Bériault
French,Henriette,Tétrault
French,Brigliador,Foucault
French,Alaine,Foucault
French,Vail,Brunault
French,Royce,Desilets
French,Pascaline,Lemieux
French,Patrice,Gabriaux
French,Germain,Mazuret
French,Brigitte,Duperré
French,Talbot,Mercier
French,Théodore,Beaudry
French,Leal,Duclos
French,Montague,Faubert
French,Maurice,L'Hiver
French,Cécile,LaCaille
French,Gustave,Binet
French,Belisarda,Mothé
French,Gaetane,Fortin
French,Ormazd,Cormier
French,Élise,Parent
French,Matilda,Bousquet
French,Prunella,Lajoie
French,Roland,Briard
French,Fleur,Dubeau
French,Vachel,Houle
French,Zacharie,Monrency
French,Gilbert,Forest
French,Sacripant,Lacroix
French,Nathalie,Méthot
French,Caroline,Beaulé
French,Armand,Sabourin
French,Morgana,Maheu
French,Agramant,Lampron
French,Suzette,Pépin
French,Anouk,Lavoie
French,Astolpho,Parrot
French,Clovis,Patry
French,Gano,Dostie
French,Cosette,Patry
French,Dexter,Martineau
French,Amedee,Godin
French,Robinette,Coulombe
French,Josephe,Pelland
French,Perrin,Plourde
French,Josephe,Langlois
French,Raoul,Houle
French,Blondelle,Adler
French,Delit,Gousse
French,Georgette,Cartier
French,Bruno,Louineaux
French,Julien,Dufresne
French,Andrée,Gingras
French,Vignette,Chauvin
French,Belisarda,Routhier
French,Jacqueline,Doucet
French,Leroy,Lajoie
French,Alphonse,Chandonnet
French,Baptiste,Desnoyers
French,Gallia,Deniger
French,Byron,Mainville
French,Benjamin,Veilleux
French,Gill,Archambault
French,Véronique,Quessy
French,Serge,Sabourin
French,Noelle,Sauvé
French,Christophe,Courtemanche
French,Lowell,Pouchard
French,Vincent,Lespérance
French,Marc,Goguen
French,Berangaria,Foucault
French,Audrey,Cressac
French,Thierry,Gagné
French,Arianne,Lalonde
French,Arianne,Rhéaume
French,Constance,Leduc
French,Trinette,Clément
French,Esmeraude,Desjardins
French,Cher,Brochu
French,Aleron,Laliberté
French,Tearlach,Bler
French,Searlait,Deniger
French,Vincent,Therrien
French,Fantina,Sauriol
French,Aimé,Rochefort
French,Paul,Dionne
French,Annette,Abril
French,Belle,Bérard
French,Scoville,Duclos
French,Brier,Couet
French,Marine,Lizotte
French,Étienne,Hébert
French,Fayette,Cousteau
French,Talon,Paradis
French,Rosemarie,Lagueux
French,Fleurette,Bossé
French,Archaimbau,Galarneau
French,Sophie,Lavoie
French,Burrell,Arcouet
French,Astolpho,Rhéaume
French,Gill,Martel
French,Angelique,Begin
French,Nicolette,Bordeaux
French,Pascaline,Jalbert
French,Langley,Auclair
French,Eulalie,LaGrande
French,Rabican,Parenteau
French,Davet,Jetté
French,Mariette,Gosselin
French,Véronique,Pirouet
French,Thibaut,Devoe
French,Anton,Bler
French,Aubrey,Beauchamps
French,Lyle,L'Heureux
French,Carolos,Duplanty
French,Roger,Chalifour
French,Guillaume,Blondlot
French,Amitee,Sirois
French,Marphisa,Auclair
French,Gill,Garreau
French,Rabican,Dufour
French,Melusina,Berger
French,Gérard,Hébert
French,Tempeste,Goulet
French,Francis,David
French,Renée,Querry
French,Garland,Frappier
French,Cerise,Vincent
French,Aloin,Chandonnet
French,Merle,Dubois
French,Fletcher,Richer
French,Audrey,Echeverri
French,Laurette,Lacroix
French,Voleta,Bisaillon
French,Blanchefle,Gauthier
French,Algernon,Étoile
French,Evrard,Michaud
French,Gay,"De La Vergne"
French,Erembourg,David
French,Hélène,Michel
French,William,Turcotte
French,Claire,Courtemanche
French,Octave,Bisson
French,Karel,Robillard
French,Juliette,Labelle
French,Vail,Varieur
French,Pierre,Tachel
French,Scoville,DeGrasse
French,Pascaline,Ruel
French,Anne,Trépanier
French,Nicolas,Lampron
French,Denise,Bédard
French,Éric,Dumoulin
French,Etoile,Généreux
French,Clarimunda,Martineau
French,Gradasso,Pirouet
French,Arber,Ayot
French,Avelaine,Bonsaint
French,Azura,Boutot
French,Vivienne,Paiement
French,Alfred,Côté
French,Donat,Lagacé
French,Grégoire,Cinq-Mars
French,Flordelis,Roux
French,Marguerite,Ailleboust
French,Emmanuel,Laisné
French,Claudette,Ayot
French,Peppin,Plouffe
French,Clémence,Labbé
French,Belisarda,Marchesseault
French,Gaspar,Berger
French,Odo,St-Jacques
French,Aubrette,Brasseur
French,Artus,Piedalue
French,Fletcher,Lepage
French,Élisabeth,Bolduc
French,Yvon,Lapierre
French,Romaine,Lejeune
French,Victorine,Parenteau
French,Clarice,"Du Trieux"
French,Victorine,Chevrette
French,Matilda,Huppé
French,Huon,Carignan
French,Zoé,Bilodeau
French,Stéphane,Brault
French,Talbot,Langlois
French,Belle,L'Heureux
French,Fabienne,Gaillou
French,Geneviève,Sansouci
French,Agramant,Desnoyers
French,Favor,Barjavel
French,Aurore,Jardine
French,Martine,Lang
French,Alphonsine,Monty
French,Joanna,Bazin
French,Manon,Leroux
French,Arridano,Authier
French,Victoire,Beaudoin
French,Morgana,Therriault
French,Théodore,Bazin
French,Aceline,Givry
French,Bernadette,Dionne
French,Maryse,Gaulin
French,Belda,Chevrette
French,Antoinette,Nadeau
French,Geoffrey,Chauvet
French,Cécile,Desrosiers
French,Quennel,Auberjonois
French,Lyle,Rivière
French,Avenall,Lamontagne
French,Claude,Caouette
French,Donat,Doiron
French,Lirienne,Bazin
French,Ninette,Bois
French,Fayette,Bourassa
French,Manon,Bizier
French,Somerville,Lachance
French,Ignace,Ruais
French,Aimée,Lemaître
French,Ruby,"Des Meaux"
French,Arnaud,Proulx
French,Fanette,Therriault
French,Marc,Patry
French,Mavise,Mercier
French,Luc,Deniger
French,Merlin,Denis
French,Hugh,Lachapelle
French,Adèle,Lesage
French,Afrodille,Pouchard
French,Hedvige,Therriault
French,Marmion,"De La Ronde"
French,Coralie,Mailly
French,Zacharie,Huard
French,Ermengardi,Brian
French,Genevre,Desforges
French,Lowell,Théberge
French,Henriette,Chaussée
French,Astolpho,Brisette
French,Lirienne,Monrency
French,Robert,Benjamin
French,Fusberta,Echeverri
French,Afrodille,Metivier
French,Fitz,Lécuyer
French,Royce,Ricard
French,Olympia,Pirouet
French,Mariette,Renaud
French,Aymon,Perillard
French,Merlin,Chicoine
French,Jacquenett,Renaud
French,Berangaria,Francoeur
French,Talon,Lécuyer
French,Brigliador,Leroux
French,Clothilde,Chartré
French,Tearlach,Carignan
French,Gaetan,Sorel
French,Diane,Compagnon
French,Garland,Lesage
French,Donatien,Clavet
French,Raina,Marcil
French,Quennel,Pinette
French,Latimer,Gladu
French,Voleta,Voisine
French,Édouard,Daigneault
French,Thomas,Ratté
French,Henry,Durand
French,Bellamy,Bossé
French,Ancelote,Cyr
French,Belda,Chauvin
French,Dominique,Clavette
French,Isabelle,Moreau
French,Hardouin,Fecteau
French,Édith,Guédry
French,Xavierre,Majory
French,Thiery,Charpentier
French,Laurette,Sauvé
French,Hugues,Goguen
French,Pensee,Lejeune
French,Paige,Chabot
French,Gustave,Bourgouin
French,Jacques,Lemieux
French,Lucille,Lacasse
French,Denis,Courcelle
French,Somerville,Robillard
French,Denis,Chicoine
French,Jean,Paquette
French,Agnès,Lebrun
French,Astolpho,Allard
French,Rosemarie,Pouliotte
French,Juliette,Doucet
French,Eugenia,Rouze
French,Gérard,Roux
French,Vallis,Gousse
French,Albracca,Martineau
French,Avent,CinqMars
French,Martine,Bellefeuille
French,Artus,Guertin
French,Emmanuel,Vertefeuille
French,Maureen,Louis
French,Dominic,Bossé
French,Arno,Thériault
French,Joséphine,Chnadonnet
French,Dominique,Neufville
French,Lucille,Camus
French,Parnella,Boileau
French,Aimée,Trudeau
French,Armina,Brian
French,Ambra,Richer
French,Luc,Duval
French,Parnella,Lamoureux
French,Francis,Béland
French,Carolos,Turcotte
French,Alexandrie,Dodier
French,Théodore,Bélanger
French,Medoro,Bisson
French,Mayhew,Marois
French,Xarles,Rousseau
French,Auriville,Allard
French,Hugh,Vaillancourt
French,Marthe,Boucher
French,Paige,Robillard
French,Merci,Lamarre
French,Marcel,Sauvé
French,Estelle,Lapresse
French,Jolie,Lalonde
French,Algernon,Paimboeuf
French,Dominique,Fecteau
French,Rachelle,L'Angelier
French,Soren,Lessard
French,Pénélope,Tollmache
French,Delphine,Marcheterre
French,Anastasie,Labrecque
French,Isaac,DuLin
French,"La Roux",Coupart
French,Romaine,Tanguay
French,Maurelle,Sanschagrin
French,Arnaud,Provencher
French,Christian,Rivière
French,Oliver,Côté
French,Fletcher,Gaulin
French,Loring,Chassé
French,Margaux,Cailot
French,Perrin,Dostie
French,Aubin,Jalbert
French,Searlas,Bédard
French,Noelle,Poulin
French,"La Roux",Charron
French,Alexandrin,Lachapelle
French,Maslin,Ferland
French,Alphonsine,Lepage
French,Pomeroy,Blondlot
French,Saber,Bisson
French,Saber,Berthelette
French,Maurice,Parizeau
French,Mayhew,Chenard
French,Erembourg,Quessy
French,Arlette,Lebel
French,Arridano,Desrosiers
French,Eglantine,Lafrenière
French,Benjamin,Lapierre
French,Fayme,Cinq-Mars
French,Dexter,L'Heureux
French,Cosette,Grandpré
French,Dreux,Trudeau
French,Laurene,Asselin
French,Francis,Plourde
French,Arber,Gaillard
French,Iva,Truchon
French,Florismart,Babin
French,Véronique,Lagrange
French,Minette,Jobin
French,Sidney,Beaudoin
French,Éric,Artois
French,Marphisa,Douffet
French,Verrill,Béland
French,Victorine,Aubin
French,Fleurette,Lebel
French,Erembourg,Fremont
French,Caresse,Lavallée
French,Percy,Brunelle
French,Paien,Bédard
French,Lotye,Beauchemin
French,Delmar,Léveillé
French,Gay,Leblanc
French,Fleur,Audibert
French,Huette,Gauthier
French,Sabine,Provencher
French,Felicien,Chicoine
French,Anastasie,Briard
French,Hamilton,Ratté
French,Laurent,Parizeau
French,Harriette,Lemaître
French,Royce,Frappier
French,Dominic,"Des Meaux"
French,Algernon,Gilbert
French,Genevre,Charrette
French,Vaden,Chartier
French,Clarimunda,Soucy
French,Christiane,Allaire
French,Alita,L'Anglais
French,Lucille,Marois
French,Honore,Poulin
French,Nathalie,Huard
French,Zara,Desaulniers
French,Leverett,Lazure
French,Vignette,Savard
French,Lirienne,Bélair
French,Charlotte,Fluet
French,Cloridan,Baril
French,Fortun,Cuillerier
French,Frédérique,Garceau
French,Emmanuel,Desruisseaux
French,Marphisa,Allard
French,Yvette,Duperré
French,Fleur,Dupont
French,Raymond,Sacré
French,Falerina,Mercier
French,Clementine,Hétu
French,Talon,Bordeaux
French,Pierpont,Lanteigne
French,Belda,Arcouet
French,Aubine,Charpie
French,Loring,Boisvert
French,Alexandrie,Laberge
French,Dexter,Bouvier
French,Gano,Lesage
French,Raina,Lamoureux
French,Babette,Couturier
French,Henry,Martin
French,Thérèse,Garcia
French,Audric,Coulombe
French,Pénélope,Beaudouin
French,Lowell,Goddu
French,Éléonore,Martin
French,Verrill,Chaussée
French,Olivier,Sanschagrin
French,Demi,Charrette
French,Norris,Boileau
French,Tilly,Laliberté
French,Yolette,Dupuis
French,Arlette,Couet
French,Roger,Dostie
French,Stéphane,Asselin
French,Villette,Coulombe
French,Astolpho,Montminy
French,Anton,Dubeau
French,Annette,Lépicier
French,Maureen,Chenard
French,Searlait,Gagnon
French,Baptiste,Hughes
French,Eloise,Parizeau
French,Somerville,Desruisseaux
French,Seymour,Audet
French,Marc,Sylvain
French,Eugenia,Bureau
French,Seymour,Lebel
French,Orva,Fremont
French,Sargent,Lacombe
French,Tabor,Frappier
French,Sabine,Truchon
French,Gabrielle,Bonnet
French,André,Michel
French,Porter,Sevier
French,Pensee,Duclos
French,Robinette,"de Brisay"
French,Julien,Arpin
French,Melodie,Beaudoin
French,Xarles,Routhier
French,Zoé,Mireault
French,Artus,Ferland
French,Iven,Desaulniers
French,Talon,Thibodeau
French,Matthieu,Bouchard
French,Clovis,Gosselin
French,Geoffrey,Dubé
French,Zdenek,Gaulin
French,Anouk,Doucet
French,Agrican,Gingras
French,Davet,Loiselle
French,Valentine,Brodeur
French,Felicien,Noël
French,Alexandre,Labrie
French,Joseph,Roux
French,Nicole,Richer
French,Mathilde,Roux
French,Cinderella,Coudert
French,Pensee,Moquin
French,Christien,Mousseau
French,Gano,Deschamps
French,Claude,Paquin
French,Chantal,Déziel
French,Warrane,Couture
French,France,Gareau
French,Roland,Cotuand
French,Paul,Poissonnier
French,Hugh,Ouellet
French,Kerman,Adler
French,Mercer,Rouze
French,Alaine,Sciverit
French,Martin,Brisette
French,Aubin,Gauthier
French,Martin,René
French,Ancelina,Houle
French,Pénélope,René
French,Eugène,Devost
French,Laverne,Boivin
French,Neville,Montminy
French,Burnell,Gosselin
French,Arnou,Belisle
French,Hugh,Montminy
French,Thiery,Savard
French,Gifford,Mailly
French,Audrey,Authier
French,Roux,Boulanger
French,Amarante,Pellerin
French,Algernon,Daoust
French,Marc,Beaulieu
French,Noémi,Bourque
French,Warrane,Dumoulin
French,Jay,Morel
French,Inès,Durepos
French,Arianne,Mothé
French,Porter,Proulx
French,Henri,Gousse
French,Émile,Brodeur
French,Fabienne,Martineau
French,Sylvie,Bazin
French,Erembourg,Leroux
French,Roch,Chatigny
French,Charlot,Mailloux
French,Jessamine,Grivois
French,Troy,Mothé
French,Valérie,Côté
French,Danielle,Allain
French,Melodie,Arnoux
French,Fortun,Poulin
French,Lyle,Desrosiers
French,Bruce,Potvin
French,Roland,Lacasse
French,Tabor,Chabot
French,Geoffrey,Lizotte
French,Claudette,Tisserand
French,Alain,Bourdette
French,Nicole,Lamour
French,Byron,Savard
French,Russell,Grignon
French,Germaine,Brasseur
French,Arridano,Raymond
French,Sabine,Rivière
French,Florismart,Guernon
French,Marjolaine,Ratté
French,Florence,Michaud
French,Saber,Jodoin
French,Christelle,Sansouci
French,Emmanuel,Rivière
French,Tearlach,Galarneau
French,Arnaud,Marcoux
French,Aubin,Marcheterre
French,Joanna,Briard
French,Heloise,Cyr
French,Jeoffroi,Chicoine
French,Cécile,Mainville
French,Mallory,Beaudouin
French,Luc,Couture
French,Fabien,Cinq-Mars
French,Eglantine,Leroux
French,Lundy,Boulanger
French,Ignace,Courtemanche
French,Agramant,Potvin
French,Blanchefle,Legault
French,Lucas,Marleau
French,Victor,Laberge
French,Gabrielle,Généreux
French,Berangaria,Théberge
French,Honore,Chatigny
French,Marine,Parrot
French,Perrin,Lajeunesse
French,Théophile,Bérubé
French,Céline,Guilmette
French,Royale,Tremblay
French,Cendrillon,Laramée
French,Normand,Racine
French,Antoine,Viens
French,Ansel,Gougeon
French,Cheney,Chouinard
French,Arnaude,Hervé
French,Henri,Ménard
French,Heloise,Avare
French,Henry,Desrosiers
French,Malagigi,Lampron
French,Marmion,Faubert
French,Mirabelle,Desaulniers
French,Frontino,Guertin
French,Zdenek,Beauchemin
French,Honore,Thibodeau
French,Vachel,Pariseau
French,Octave,Gougeon
French,Serge,Galarneau
French,Sydney,Allaire
French,Hedvige,Garceau
French,Bellamy,Dupuy
French,Dominic,Vincent
French,Dalmace,Lefèbvre
French,Latimer,Tardif
French,Forrest,Therriault
French,Faustin,Blanc
French,Capucine,Lessard
French,Jérôme,Beaudry
French,Blanchefle,Batard
French,Marmion,Berie
French,Zacharie,L'Heureux
French,Madeleine,Rivard
French,Ogier,Bélair
French,Antoine,Cadieux
French,Byron,Fresne
French,Geoffrey,Bourget
French,Vaden,Bouchard
French,Gallia,Dubois
French,Aleron,Cailot
French,Amélie,"Du Trieux"
French,Sophie,Franchet
French,Leverett,Bordeaux
French,Zurie,Barjavel
French,Marshall,René
French,Afrodille,Provencher
French,Agate,Fecteau
French,Madeleine,Garreau
French,Benoît,Bonenfant
French,Chandler,Asselin
French,Noelle,Salmons
French,Byron,Archambault
French,Vick,Aubé
French,Grosvenor,Faucher
French,Tristan,Huard
French,Nicole,Bélair
French,Mandel,Dubeau
French,Daniel,"de Brisay"
French,Huon,Hervé
French,Simone,Quinn
French,Leal,Salmons
French,Lyle,Pelchat
French,Clémence,Dandonneau
French,Audric,Riel
French,Florus,Lejeune
French,Mandel,Marois
French,Luc,Crête
French,Robert,Margand
French,Iven,Austin
French,Alfred,Courtois
French,Vignette,Paré
French,Océane,Parenteau
French,Catherine,Coulombe
French,Latimer,Bélanger
French,Burnell,Batard
French,Royden,Mothé
French,Karlotta,Allaire
French,Heloise,Desruisseaux
French,Lucas,Bernier
French,Forrest,Daigneault
French,Quennel,Doyon
French,Sennet,Gousse
French,Émilie,Thivierge
French,Melusina,Gaillou
French,Pascal,Barrientos
French,Natalie,Ayot
French,Medoro,Beauchesne
French,Merle,Jobin
French,Gabrielle,Cotuand
French,Ermengardi,Forest
French,Alaine,Paquet
French,Legget,Beaupré
French,Ignace,Larivière
French,Marphisa,Martineau
French,Philip,Bonnet
French,Gauthier,Clavet
French,Gustave,Turcotte
French,Matthieu,Dastous
French,Alexandrie,Collin
French,Pascaline,Ménard
French,Bellamy,Reault
French,Normand,Harquin
French,Mayhew,Berger
French,Étienne,Lebel
French,Fifi,Doucet
French,Pomeroy,Savoie
French,Vallis,Corbeil
French,Pierre,Vaillancourt
French,Fabienne,Desnoyers
French,Tristan,Savard
French,Leala,Melanson
French,Clovis,Marseau
French,Rosemarie,Desforges
French,Lothair,Pariseau
French,Auda,Langlois
French,Chapin,"de Launay"
French,Inès,Gaulin
French,Maurelle,Meilleur
French,Michel,Charbonneau
French,Florus,Coudert
French,Tristan,Barrientos
French,Martin,Talon
French,Richard,Gabriaux
French,Thiery,Harquin
French,Granville,Blondlot
French,Dreux,Ricard
French,Cécile,Robillard
French,Adélaïde,Desnoyers
French,Ansel,Beaupré
French,Afrodille,Sauvé
French,Christiane,Brochu
French,Millard,Clavette
French,Faustin,Verreau
French,Cloridan,Bellefeuille
French,Morgana,Hervieux
French,Mariette,Monrency
French,Gano,Labrosse
French,Donatien,Barjavel
French,Marphisa,Lamarre
French,Ninette,Fremont
French,Alaine,Sacré
French,Cendrillon,Laisné
French,Fayme,Royer
French,Russell,Aubin
French,Karel,Grimard
French,Beaufort,Pouchard
French,Louise,Courcelle
French,Aya,Beaulac
French,Didier,Courcelle
French,Archard,Lefèbvre
French,Dominic,St-Pierre
French,Estelle,Jomphe
French,Harriette,Echeverri
French,Robert,Roussel
French,Arno,Saindon
French,Barry,Jodoin
French,Arnaud,Bourget
French,Peverell,Cantin
French,Archard,Bois
French,Demi,Duranseau
French,Aceline,Lereau
French,Garland,Cotuand
French,Arthur,Carignan
French,Sargent,Patenaude
French,Apolline,Dubé
French,Aceline,Guédry
French,Algernon,"de Chateaub"
French,Raymond,Cormier
French,Claire,Poisson
French,Manon,Gauvin
French,Faye,Tremblay
French,Fanchon,Lampron
French,Brigitte,Faure
French,Rabican,Paquette
French,Franck,Théberge
French,Laure,Parenteau
French,Davet,Bourque
French,Michel,Lemelin
French,Raoul,Lalonde
French,Russell,Latourelle
French,Aurore,Brochu
French,Gilbert,Aubé
French,Jesper,Talon
French,Andrée,Bourassa
French,Bruce,Grivois
French,Michel,Massé
French,Olympia,Jodion
French,Denise,Monrency
French,Aimée,Monjeau
French,Logistilla,Bureau
French,Franck,Garreau
French,Pierrette,Couet
French,Tabor,Huppé
French,Thiery,Blanchard
French,Arnaude,Vachon
French,Millard,Leduc
French,Auriville,Poulin
French,Burkett,Lajoie
French,Raoul,Chenard
French,Neville,Lessard
French,Marshall,Allain
French,Marcel,Lépicier
French,Richard,Therrien
French,Morgana,Champagne
French,Mallory,Beaulé
French,Gérard,Bertrand
French,Josette,Arsenault
French,Cheney,Pichette
French,Esperanza,Durand
French,Channing,Tanguay
French,Josephe,Guay
French,Catherine,Guertin
French,Noël,Croquetaigne
French,Eugène,Dandonneau
French,Audrey,Lacombe
French,Pénélope,Hébert
French,Saville,Mousseau
French,Hortense,Croteau
French,Cammile,Giguère
French,Artus,Aupry
French,Xavierre,Margand
French,Zurie,Gagné
French,Astrid,Brochu
French,Fabrice,Durepos
French,Dominic,Chartré
French,Avelaine,Sansouci
French,Vaden,Coupart
French,Falerina,Senneville
French,Yves,Perrault
French,Rémy,Trottier
French,Charline,Coupart
French,Andrée,Lussier
French,Jérôme,Allaire
French,Sargent,Labrecque
French,Mireille,Rocheleau
French,Laure,Paulet
French,Parnella,Lagrange
French,Olivier,Cartier
French,Campbell,Austin
French,Claude,Boucher
French,Fifi,Briard
French,Normand,Lalonde
French,Agnès,Lanoie
French,Élodie,Boisvert
French,Édouard,Chandonnet
French,Esmeraude,Caouette
French,Julie,Baril
French,Crescent,Poulin
French,Marie,Cloutier
French,Rosamonde,Hervieux
French,Peverell,Longpré
French,Peppin,Couet
French,Hélène,Pinette
French,Pryor,Mothé
French,Dexter,Paquet
French,Durandana,Sevier
French,Flordelis,Sabourin
French,Burrell,Michaud
French,Orva,Mothé
French,Alexandre,Roussel
French,Sennet,Fluet
French,Agate,Lepage
French,Élisabeth,Sciverit
French,Ogier,Ménard
French,Laetitia,Poirier
French,Estelle,Pichette
French,Timothée,Chastain
French,Turner,Marcoux
French,Marveille,Beauchemin
French,Louise,Bourque
French,Merle,Cuillerier
French,Renée,Huot
French,Rive,Bonnet
French,Agathe,Compagnon
French,Charlotte,Parenteau
French,Ruby,Carignan
French,Marmion,Vernadeau
French,Jérôme,Charpie
French,Rive,Dufresne
French,Charles,L'Heureux
French,Voleta,Coupart
French,Rachelle,Brian
French,Jacquenett,Garcia
French,Agrican,Grondin
French,Victoire,Chaloux
French,Gaspar,Bernard
French,Lowell,Bizier
French,Somer,Chaussée
French,Gaston,Lajoie
French,Corette,Caouette
French,Laetitia,Deschênes
French,Vachel,Couturier
French,D'Arcy,Labrie
French,Delmar,Rouleau
French,Chapin,Lagueux
French,Aubine,Marceau
French,Slainie,L'Angelier
French,Grosvenor,Bourgouin
French,Aurore,Sciverit
French,Honore,Coulombe
French,Zerbino,Savard
French,Musette,Royer
French,Nicolette,Jobin
French,Harbin,Fresne
French,Élise,Pouliotte
French,Carole,Boisvert
French,Virginie,Breton
French,Roslyn,Béland
French,Marmion,L'Hiver
French,Ancelote,Lagueux
French,Fabienne,Deslauriers
French,Patrick,L'Angelier
French,Halette,Ayot
French,Joanna,Desrosiers
French,Searlait,Gervais
French,Carolos,Villeneuve
French,Anne,Perrault
French,Laurent,Cuillerier
French,Charline,Gregoire
French,Bevis,Charpentier
French,Adélaïde,Gagnon
French,Logistilla,Boileau
French,Carine,Bonami
French,Victorine,Guernon
French,Dreux,St-Pierre
French,Colette,Béland
French,Legget,Pelletier
French,Dreux,Demers
French,Zerbino,Couturier
French,Thierry,Cloutier
French,Fabien,Langlais
French,Natalie,Bernier
French,Chantal,Perreault
French,Fifine,Compagnon
French,Ermengardi,Charpie
French,Joanna,L'Hiver
French,Anton,Bourget
French,Ophelia,Josseaume
French,Jules,Bousquet
French,Nicholas,Charpie
French,Sacripant,Lacharité
French,Pierrette,Monjeau
French,Leroy,Loiseau
French,Aubert,Rossignol
French,Anouk,Bouchard
French,Leone,Marquis
French,Mignonette,Pariseau
French,Blondelle,Bernard
French,Adélaïde,Berie
French,Legget,Babin
French,Prunella,Chnadonnet
French,Felicien,Devost
French,Guillaume,Sarrazin
French,Leroy,Desnoyers
French,Amitee,Potvin
French,Xavierre,Mercier
French,Cerise,Douffet
French,Chapin,Laberge
French,Nicholas,Marleau
French,Iven,Chabot
French,Fortun,Charpie
French,Germaine,Sauvé
French,Fabien,Lapresse
French,Émilie,Rivard
French,Harriette,Beauchamp
French,Zerbino,Longpré
French,Millard,Chauvet
French,Tanguy,Bossé
French,Frédéric,Lacombe
French,Olivier,Breton
French,Vaden,Laforge
French,Saber,Barteaux
French,Trinette,Tougas
French,Voleta,Chaloux
French,Olympia,Louineaux
French,Parfait,Barrette
French,Aubrey,Parrot
French,Neville,Leroy
French,Albertine,Sanschagrin
French,Azura,Garceau
French,Amitee,Plante
French,Vachel,Fréchette
French,Théophile,Berthiaume
French,Pinabel,Lemaître
French,Belda,Fongemie
French,Léon,Poulin
French,Garland,Robert
French,Montague,Beausoleil
French,Benjamin,Laframboise
French,Oliver,Dagenais
French,Octave,Dupont
French,Leroy,Cressac
French,Audrey,Dodier
French,Louise,Gagné
French,Lance,Bondy
French,Agathe,Beaujolie
French,Gilles,Ricard
French,Josette,Racine
French,Mathilde,Tollmache
French,Jérôme,L'Heureux
French,Marine,Larocque
French,Laurence,Fugère
French,Tearlach,Goudreau
French,Nanna,Joly
French,Gaston,Martin
French,Astolpho,Morneau
French,Gilbert,Beaudoin
French,Francis,Léveillé
French,Eugène,Beaulé
French,Pinabel,Mailly
French,Apolline,Therriault
French,Brier,Marquis
French,Karlotta,Marcoux
French,Etoile,Dupont
French,Margaux,Turcotte
French,Yves,Vernadeau
French,Odette,Cyr
French,Lorraine,Jodoin
French,Philip,Bordeaux
French,Landers,Martineau
French,Xavier,Laliberté
French,Marmion,Paimboeuf
French,Galatee,Bonenfant
French,Trinette,Lemelin
French,Pryor,Marois
French,Leverett,Bérard
French,Marphisa,Flamand
French,Laurene,Despins
French,Roslyn,Pinneau
French,Jules,Cadieux
French,Eugenia,Carrière
French,Ranger,Paradis
French,Henri,Loiselle
French,Alexis,Deniger
French,Evrard,Jetté
French,Channing,Rocheleau
French,Talbot,Lamothe
French,Sophie,Dufour
French,Xarles,Paquet
French,Melville,Fortier
French,Geoffrey,Grignon
French,Zurie,Bellemare
French,Loyal,Mailly
French,Lothair,Fecteau
French,Fletcher,Fugère
French,Orville,Viens
French,Simone,Adler
French,Hortense,Hétu
French,Joanna,Proulx
French,Émile,Jetté
French,Pierrette,Michel
French,Senapus,Lereau
French,Amorette,Chaloux
French,Blanche,Charpie
French,Marc,Lanctot
French,Bruno,Thériault
French,Aubrey,L'Angelier
French,Alphonse,Chevrette
French,Joséphine,Dandonneau
French,Fletcher,Daigneault
French,Georges,Ruel
French,Grosvenor,Poissonnier
French,Yvette,Marleau
French,Octave,Champagne
French,Valiant,Bédard
French,Rabican,Chnadonnet
French,Minette,Migneault
French,Desire,Camus
French,Gilbert,Girard
French,Mignonette,"Du Trieux"
French,Arnaude,Babin
French,Blondelle,Cormier
French,Germaine,Desrosiers
French,Brice,Marcheterre
French,Agramant,Gour
French,Arridano,Mailly
French,Laurent,Casgrain
French,Ferragus,Dupuis
French,Ogier,Paquin
French,Sabine,Doucet
French,Burkett,D'Aoust
French,Simone,Beaudouin
French,Orane,Abril
French,Crescent,Dupont
French,Ancelote,Édouard
French,Merle,Roy
French,Pauline,Marchesseault
French,Latimer,Couet
French,Rive,Marchesseault
French,Orlene,Huppé
French,Noelle,Lépicier
French,Zerbino,Jalbert
French,Odo,Tachel
French,Christophe,Mailloux
French,Soren,Melanson
French,Russell,Alexandre
French,Romain,Fontaine
French,Jeanette,David
French,Kari,Fontaine
French,Avril,Flamand
French,Rule,Déziel
French,Benjamin,Melanson
French,Édouard,Jolicoeur
French,Avenall,Chartré
French,Aubin,Bondy
French,Léon,Sevier
French,Fayette,Bureau
French,Lothair,Lazure
French,Julien,Desaulniers
French,Caroline,Angélil
French,Aleron,Authier
French,Maurice,Beaudry
French,Zara,Charron
French,Constance,Arnoux
French,Claire,"De La Ronde"
French,Arber,Bussière
French,Aubrey,Petrie
French,Quennel,Truchon
French,Crescent,Auger
French,Édith,Daoust
French,Jeannine,LaGrande
French,Galatee,Lapointe
French,Burrell,Courcelle
French,Clementine,Robillard
French,Julie,Guimond
French,Dorene,Charette
French,Chappell,Patry
French,Verrill,Trottier
French,Corette,Beaulac
French,France,Mireault
French,Hugh,Cloutier
French,Philip,Chauvin
French,Jean,Austin
French,Fusberta,Riquier
French,Methena,Meunier
French,Verrill,Riquier
French,Xarles,Louineaux
French,Laurette,Petit
French,Nicolas,Laforge
French,Huon,Dionne
French,Georges,Barrette
French,Azura,Caouette
French,Iva,Charette
French,Élise,Marquis
French,Olympia,Patry
French,Arthur,Lussier
French,Trinette,Aubé
French,Quennel,Truchon
French,Aurélie,Cormier
French,Agramant,Cinq-Mars
French,Grégoire,Gaulin
French,Demi,Salois
French,Amber,Arnoux
French,Merlin,Chaussée
French,Platt,Bonenfant
French,Danielle,Hervieux
French,Noémi,Huppé
French,Alphonsine,Senneville
French,Laurence,Lagacé
French,Valérie,Durepos
French,Élodie,Petrie
French,Iva,Jodoin
French,Rule,Trottier
French,Luc,Jetté
French,Louise,Massé
French,Madeleine,Deserres
French,Iva,Caron
French,Josephe,Berthiaume
French,Honore,Therriault
French,Yolette,Ailleboust
French,D'Arcy,Courtois
French,Gérard,Deniger
French,Patience,Parent
French,Xavierre,Gamelin
French,Guerin,Bergeron
French,Cheney,Compagnon
French,Marc,Garreau
French,Annot,Robert
French,Susanne,Lepage
French,Gaetane,Fouquet
French,Arienne,Martel
French,Victorine,Beaulac
French,Orville,"Des Meaux"
French,Arianne,Rivière
French,Quincy,Raymond
French,Royale,Bienvenue
French,Stéphanie,Leblanc
French,Mireille,David
French,Élodie,Lamontagne
French,Eleanor,Bolduc
French,Eloise,Fortier
French,Olivier,Desrosiers
French,Bertrand,Côté
French,Astolpho,Ducharme
French,Odo,Hervé
French,Orva,Chicoine
French,Martine,Parmentier
French,Marsilius,Étoile
French,Amorette,Gaillou
French,Allyriane,Carrière
French,Alain,Souplet
French,Blanchefle,Beaulieu
French,Manon,Bisaillon
French,Delmare,Varieur
French,Channing,Ruais
French,Delmar,Desnoyer
French,Brunella,Poissonnier
French,Clovis,Bériault
French,Garland,Poirier
French,Nadine,Grandbois
French,Iva,Roussel
French,Stéphanie,Riel
French,Scoville,Gareau
French,Erembourg,Mothé
French,Aubine,Lacharité
French,Hortense,Perreault
French,Gaetan,Boutot
French,Eugène,Parent
French,Élisabeth,Petit
French,Kari,Pariseau
French,Annot,Couture
French,Scoville,Bazin
French,Linette,Barrière
French,Vaden,Latourelle
French,Belle,Latourelle
French,Agnès,Ménard
French,Mireille,Richer
French,Merlin,Gilbert
French,Jeoffroi,Pouchard
French,Dominique,Rossignol
French,Ignace,Goguen
French,Methena,David
French,Medoro,Briard
French,Tristan,Trudeau
French,Roxanne,L'Anglais
French,Pensee,Tardif
French,Romain,Souplet
French,Olivie,Brian
French,Corette,Thériault
French,Geneviève,Savard
French,Avenall,Deniger
French,Colette,Brisebois
French,Orson,Chalifour
French,Cammile,Caisse
French,Odelette,Cousteau
French,Claude,Ruest
French,Tanguy,Mailloux
French,Victorine,Thibodeau
French,Vignette,Bélanger
French,Armina,Guay
French,Laurent,Laliberté
French,Eugène,Lalonde
French,Claude,Godin
French,Ermengardi,Sorel
French,Théodore,Fongemie
French,Tristan,Boileau
French,Georgette,Authier
French,Olivie,Laisné
French,Burrell,Lamour
French,Maurelle,Longpré
French,Nicholas,Austin
French,Emmanuel,Lanoie
French,Joséphine,Bourassa
French,Tyson,Charette
French,Isabelle,Paiement
French,Estelle,Guernon
French,Natalie,Rocheleau
French,Marcelle,Soucy
French,Travers,Arpin
French,France,Desroches
French,Sibyla,Jetté
French,Channing,Leclerc
French,Fantina,Barjavel
French,Delmare,D'Aoust
French,Marguerite,Ménard
French,Mercer,Tougas
French,Eulalie,Caron
French,Harbin,Laramée
French,Pinabel,Hervieux
French,"La Roux",Sansouci
French,Arnou,Moquin
French,Hortense,Dupéré
French,Hélène,Moquin
French,Ruby,Soucy
French,Rosamonde,Allain
French,Percy,Batard
French,Millard,DeGrasse
French,Rémy,DeGrasse
French,Orlene,Ouellet
French,Robert,Trudeau
French,Honoré,Plourde
French,Delit,Rochon
French,Vachel,Binet
French,Turner,Beaujolie
French,Fabien,Guimond
French,Christian,Dodier
French,Dixie,Vachon
French,Jeannine,Poulin
French,Victoire,Bazin
French,Telford,Guimond
French,Amarante,Bureau
French,Elita,Mathieu
French,Pierre,Chouinard
French,Amélie,Melanson
French,Royale,Gingras
French,Fayme,Bureau
French,Benjamin,Senneville
French,Jules,Sicard
French,Sacripant,Tougas
French,Frontino,Carrière
French,Aceline,Lafrenière
French,Thiery,Legault
French,Luce,Beauchamp
French,Jérôme,Bizier
French,Heloise,Caya
French,Millard,Brian
French,Crescent,Meilleur
French,Merci,Querry
French,Medoro,Boisclair
French,Fayette,Louis
French,Sacripant,Thériault
French,Evrard,Mercier
French,Victoire,Lanteigne
French,Avril,Beaudry
French,Thibaut,Bellefeuille
French,Afrodille,Roussel
French,Daisi,Daoust
French,Élise,Thibault
French,Timothée,Séguin
French,Philippe,Bériault
French,Tyson,Charest
French,Anne,Beaujolie
French,Avent,Audet
French,Perrin,Lavallée
French,Philippe,Levasseur
French,Olivier,Duplessis
French,Pascal,Vachon
French,Lucille,Laurent
French,Gaetan,Bertrand
French,Daisi,Champagne
French,Adélaïde,L'Anglais
French,Lowell,Vallée
French,Ray,Marseau
French,Gauthier,Guilmette
French,Chantal,Quinn
French,Sacripant,Royer
French,Florence,Bérard
French,Armand,Proulx
French,Creissant,Mothé
French,Amélie,Rocheleau
French,Linette,Sauvé
French,Aymon,D'Avis
French,Robert,Beauchesne
French,Ila,Aupry
French,Ranger,Tollmache
French,Margaux,Gaillard
French,Laure,Goguen
French,Harcourt,Rossignol
French,Suzette,Archambault
French,Cloridan,Hervieux
French,Clovis,Trépanier
French,Xarles,Laurent
French,Iven,Fournier
French,Sumner,"Des Meaux"
French,Peverell,Cousteau
French,Agramant,Roy
French,Agrican,Desjardins
French,Orlene,Bouvier
French,Gilles,Morel
French,Arianne,Marchesseault
French,Vernon,Vadeboncoeur
French,Gérard,Duplessis
French,Marsilius,Francoeur
French,Clementine,Robert
French,Archaimbau,Bussière
French,Margaux,Corbin
French,Villette,"De La Ronde"
French,Phillipa,Garceau
French,Harcourt,Bourdette
French,Nicolas,Ouellet
French,Clementine,Racine
French,Pascaline,Bonneville
French,Laverne,Gaulin
French,Fayme,Lemieux
French,Sargent,Beauchamp
French,Albertine,Labrie
French,Rabican,Gabriaux
French,Quincy,Bélanger
French,Noël,Rousseau
French,Dielle,Gauthier
French,Claude,Brunelle
French,Adorlee,Mireault
French,Christine,Jodion
French,Vallis,Tessier
French,Jewel,Ferland
French,Esperanza,Adler
French,Juliette,Patenaude
French,Gifford,Gaulin
French,Susanne,Lavoie
French,Vernon,Marceau
French,Andrée,Casgrain
French,Manville,Léveillé
French,Thibaut,Laux
French,Matilda,Pépin
French,Victoire,Simard
French,Oriel,Dufresne
French,Quincy,Bertrand
French,Michèle,Cousteau
French,Amaury,Boncoeur
French,Blanche,Truchon
French,Alain,Dumont
French,Forrest,Paiement
French,Gaston,Ruel
French,Merle,Loiselle
French,Madeleine,Lessard
French,Carole,Doiron
French,Victoire,Bélanger
French,André,Charbonneau
French,Brigitte,Cressac
French,Luce,Grondin
French,Arnaud,Bertrand
French,Delphine,Lamy
French,Moore,Riel
French,Aubrette,Bernier
French,Germain,Michel
French,Mavise,Coupart
French,Adélaïde,Chalifour
French,Élisabeth,Bussière
French,Melusina,Lacharité
French,Germaine,Beauchesne
French,Lirienne,Gilbert
French,Pénélope,Metivier
French,Arnaud,Goudreau
French,André,Perillard
French,Latimer,Robert
French,Alfred,Verreau
French,Maslin,Martin
French,Viollette,Patry
French,Virginie,Lereau
French,Amedee,Casgrain
French,Harriette,Sirois
French,Valiant,Huard
French,Fauna,Brodeur
French,Germain,Durand
French,Dalmace,Senneville
French,Marshall,Gregoire
French,Fabienne,Séguin
French,Aubin,Lang
French,Estelle,Duplanty
French,Octave,Lagrange
French,Avelaine,Chauvet
French,Felicienne,Berthelette
French,Marine,Courtois
French,Adrienne,Berthelette
French,Fabienne,Gaillard
French,Artus,Caya
French,Fabienne,Camus
French,Olivie,Chenard
French,Crescent,Mathieu
French,Tristan,Despins
French,Ferrau,Doiron
French,Belda,Beauchamp
French,Ila,Laliberté
French,Pomeroy,Rousseau
French,Leala,Pomerleau
French,Théodore,Lussier
French,Thierry,Poulin
French,Henriette,Chastain
French,Karel,Gaudreau
French,Somer,Bois
French,Dorene,Collin
French,Yvette,Dufresne
French,Seymour,Lefèbvre
French,Anastasie,Bordeleau
French,Laverne,Deschênes
French,Vaden,Echeverri
French,Ophelia,Plaisance
French,Dominic,Laurent
French,Arnou,Pariseau
French,Gradasso,Beaudouin
French,Florence,Mousseau
French,D'Arcy,Labbé
French,Yolette,Angélil
French,Simone,Bérard
French,Sargent,Lévesque
French,Chandler,Houle
French,Forrest,Couture
French,Honore,Rocher
French,Alphonsine,Gamelin
French,Tabor,Dodier
French,Alexis,Marchesseault
